"ID";"Gene.Title";"Gene.Symbol";"Entrez.Gene"
"11715116_s_at";"histone cluster 1, H4e";"HIST1H4E";"8367"
"11715171_at";"DEP domain containing 5";"DEPDC5";"9681"
"11715183_s_at";"zinc finger protein 391";"ZNF391";"346157"
"11715251_at";"carbohydrate (N-acetylglucosamine 6-O) sulfotransferase 7";"CHST7";"56548"
"11715388_s_at";"cyclin-dependent kinase inhibitor 1A (p21, Cip1)";"CDKN1A";"1026"
"11715418_x_at";"S-phase kinase-associated protein 1";"SKP1";"6500"
"11715482_a_at";"myeloid cell leukemia 1";"MCL1";"4170"
"11715491_s_at";"fascin actin-bundling protein 1";"FSCN1";"6624"
"11715565_at";"proteasome 26S subunit, non-ATPase 2";"PSMD2";"5708"
"11715665_a_at";"proteasome subunit beta 8";"PSMB8";"5696"
"11715767_s_at";"acetyl-CoA acyltransferase 2";"ACAA2";"10449"
"11715871_a_at";"ubiquitin fusion degradation 1 like (yeast)";"UFD1L";"7353"
"11715893_s_at";"interferon, alpha-inducible protein 27";"IFI27";"3429"
"11715945_a_at";"v-ral simian leukemia viral oncogene homolog B";"RALB";"5899"
"11716122_s_at";"apoptosis inhibitor 5";"API5";"8539"
"11716332_a_at";"ribosomal protein L28";"RPL28";"6158"
"11716384_at";"chemokine (C-C motif) ligand 2";"CCL2";"6347"
"11716509_a_at";"aldo-keto reductase family 1, member A1 (aldehyde reductase)";"AKR1A1";"10327"
"11716564_a_at";"serologically defined colon cancer antigen 3";"SDCCAG3";"10807"
"11716612_a_at";"ATP binding cassette subfamily F member 3";"ABCF3";"55324"
"11716653_x_at";"echinoderm microtubule associated protein like 4";"EML4";"27436"
"11716666_a_at";"inhibitor of DNA binding 3, dominant negative helix-loop-helix protein";"ID3";"3399"
"11716757_a_at";"DEAH (Asp-Glu-Ala-His) box helicase 30";"DHX30";"22907"
"11716785_at";"trafficking protein, kinesin binding 2";"TRAK2";"66008"
"11716801_at";"SET domain containing 5";"SETD5";"55209"
"11716826_a_at";"fibromodulin";"FMOD";"2331"
"11716851_at";"inositol monophosphatase domain containing 1";"IMPAD1";"54928"
"11716920_at";"plasmalemma vesicle associated protein";"PLVAP";"83483"
"11716927_a_at";"TBC1 domain family, member 5";"TBC1D5";"9779"
"11716943_at";"exosome component 5";"EXOSC5";"56915"
"11717020_a_at";"transmembrane protein 222";"TMEM222";"84065"
"11717082_a_at";"tetraspanin 9";"TSPAN9";"10867"
"11717158_at";"zinc finger protein 593";"ZNF593";"51042"
"11717415_x_at";"MTOR associated protein, LST8 homolog";"MLST8";"64223"
"11717437_x_at";"topoisomerase (DNA) I";"TOP1";"7150"
"11717482_at";"pyruvate dehydrogenase (lipoamide) alpha 1";"PDHA1";"5160"
"11717513_a_at";"septin 8";"SEPT8";"23176"
"11717532_at";"mannosidase, alpha, class 2A, member 2";"MAN2A2";"4122"
"11717548_a_at";"BTB (POZ) domain containing 10";"BTBD10";"84280"
"11717575_at";"protein phosphatase 1, regulatory subunit 3C";"PPP1R3C";"5507"
"11717710_a_at";"mitochondrial fission process 1";"MTFP1";"51537"
"11717760_a_at";"glia maturation factor, gamma";"GMFG";"9535"
"11717775_s_at";"glycophorin C (Gerbich blood group)";"GYPC";"2995"
"11717819_a_at";"transducer of ERBB2, 2";"TOB2";"10766"
"11717859_a_at";"emopamil binding protein (sterol isomerase)";"EBP";"10682"
"11717873_x_at";"interferon regulatory factor 8";"IRF8";"3394"
"11717933_a_at";"dynein, axonemal, light chain 4";"DNAL4";"10126"
"11717980_x_at";"complement component 7";"C7";"730"
"11718004_a_at";"nuclear receptor coactivator 5";"NCOA5";"57727"
"11718061_at";"parvalbumin";"PVALB";"5816"
"11718218_at";"RAB22A, member RAS oncogene family";"RAB22A";"57403"
"11718325_at";"sestrin 2";"SESN2";"83667"
"11718354_a_at";"endoplasmic reticulum protein 44";"ERP44";"23071"
"11718359_a_at";"paternally expressed 10";"PEG10";"23089"
"11718397_s_at";"jun proto-oncogene";"JUN";"3725"
"11718450_at";"N-acetylgalactosaminidase, alpha-";"NAGA";"4668"
"11718479_x_at";"steroidogenic acute regulatory protein";"STAR";"6770"
"11718515_a_at";"sulfide quinone reductase-like (yeast)";"SQRDL";"58472"
"11718523_s_at";"anthrax toxin receptor 1";"ANTXR1";"84168"
"11718654_s_at";"polycystic kidney disease 2 (autosomal dominant)";"PKD2";"5311"
"11718695_a_at";"Yip1 interacting factor homolog B (S. cerevisiae)";"YIF1B";"90522"
"11718735_at";"protein-L-isoaspartate (D-aspartate) O-methyltransferase domain containing 1";"PCMTD1";"115294"
"11718906_a_at";"aarF domain containing kinase 2";"ADCK2";"90956"
"11718974_at";"lipoprotein lipase";"LPL";"4023"
"11718977_a_at";"calpain 2, (m/II) large subunit";"CAPN2";"824"
"11719034_a_at";"FtsJ homolog 3 (E. coli)";"FTSJ3";"117246"
"11719147_at";"family with sequence similarity 117, member A";"FAM117A";"81558"
"11719153_at";"leucine zipper, down-regulated in cancer 1-like";"LDOC1L";"84247"
"11719155_a_at";"DNA-damage regulated autophagy modulator 1";"DRAM1";"55332"
"11719191_s_at";"F-box protein 9";"FBXO9";"26268"
"11719239_at";"pannexin 1";"PANX1";"24145"
"11719346_a_at";"Rho GTPase activating protein 19";"ARHGAP19";"84986"
"11719368_s_at";"mitogen-activated protein kinase-activated protein kinase 2";"MAPKAPK2";"9261"
"11719439_at";"SLIT-ROBO Rho GTPase activating protein 2";"SRGAP2";"23380"
"11719487_a_at";"laminin, beta 3";"LAMB3";"3914"
"11719538_at";"butyrobetaine (gamma), 2-oxoglutarate dioxygenase (gamma-butyrobetaine hydroxylase) 1";"BBOX1";"8424"
"11719587_a_at";"MICAL-like 1";"MICALL1";"85377"
"11719617_a_at";"uridine-cytidine kinase 1";"UCK1";"83549"
"11719631_s_at";"bridging integrator 1";"BIN1";"274"
"11719644_a_at";"GATA zinc finger domain containing 2A";"GATAD2A";"54815"
"11719680_x_at";"tumor necrosis factor receptor superfamily, member 10b";"TNFRSF10B";"8795"
"11719704_at";"CD2 (cytoplasmic tail) binding protein 2";"CD2BP2";"10421"
"11719875_x_at";"metaxin 1";"MTX1";"4580"
"11720127_s_at";"inositol-trisphosphate 3-kinase C";"ITPKC";"80271"
"11720281_a_at";"eva-1 homolog C (C. elegans)";"EVA1C";"59271"
"11720286_a_at";"trafficking protein, kinesin binding 1";"TRAK1";"22906"
"11720378_a_at";"SAP30-like";"SAP30L";"79685"
"11720392_at";"RAB11 family interacting protein 4 (class II)";"RAB11FIP4";"84440"
"11720427_a_at";"ilvB (bacterial acetolactate synthase)-like";"ILVBL";"10994"
"11720441_x_at";"olfactomedin like 2B";"OLFML2B";"25903"
"11720509_a_at";"fibrillin 1";"FBN1";"2200"
"11720537_at";"methylmalonic aciduria (cobalamin deficiency) cblB type";"MMAB";"326625"
"11720578_a_at";"phosphodiesterase 5A, cGMP-specific";"PDE5A";"8654"
"11720593_s_at";"discs, large homolog 3 (Drosophila)";"DLG3";"1741"
"11720641_x_at";"mitochondrial ribosomal protein S27";"MRPS27";"23107"
"11720693_a_at";"interleukin 17D";"IL17D";"53342"
"11720696_a_at";"histone deacetylase 7";"HDAC7";"51564"
"11720745_a_at";"B-cell CLL/lymphoma 6";"BCL6";"604"
"11720794_a_at";"sushi-repeat containing protein, X-linked";"SRPX";"8406"
"11720811_a_at";"peptidase domain containing associated with muscle regeneration 1";"PAMR1";"25891"
"11720843_at";"NEDD4 binding protein 1";"N4BP1";"9683"
"11720868_at";"zinc finger protein 275";"ZNF275";"10838"
"11720901_a_at";"GRAM domain containing 1C";"GRAMD1C";"54762"
"11720953_x_at";"programmed cell death 5";"PDCD5";"9141"
"11720956_a_at";"inhibitor of kappa light polypeptide gene enhancer in B-cells, kinase epsilon";"IKBKE";"9641"
"11721008_a_at";"mediator complex subunit 1";"MED1";"5469"
"11721063_a_at";"ADP-ribosylation factor guanine nucleotide-exchange factor 2 (brefeldin A-inhibited)";"ARFGEF2";"10564"
"11721112_a_at";"acid phosphatase 6, lysophosphatidic";"ACP6";"51205"
"11721134_at";"glutamine-fructose-6-phosphate transaminase 2";"GFPT2";"9945"
"11721235_at";"chondroadherin";"CHAD";"1101"
"11721261_a_at";"ethanolamine kinase 2";"ETNK2";"55224"
"11721302_a_at";"C-type lectin domain family 2, member B";"CLEC2B";"9976"
"11721343_a_at";"nuclear receptor coactivator 1";"NCOA1";"8648"
"11721388_a_at";"purinergic receptor P2X, ligand gated ion channel, 5";"P2RX5";"5026"
"11721393_at";"ninjurin 2";"NINJ2";"4815"
"11721398_a_at";"DOT1-like histone H3K79 methyltransferase";"DOT1L";"84444"
"11721492_a_at";"ankyrin repeat domain 7";"ANKRD7";"56311"
"11721630_at";"v-maf avian musculoaponeurotic fibrosarcoma oncogene homolog B";"MAFB";"9935"
"11721687_at";"inhibitor of DNA binding 4, dominant negative helix-loop-helix protein";"ID4";"3400"
"11721690_a_at";"cytochrome b561";"CYB561";"1534"
"11721718_a_at";"alpha thalassemia/mental retardation syndrome X-linked";"ATRX";"546"
"11721778_a_at";"acyl-CoA binding domain containing 5";"ACBD5";"91452"
"11721843_a_at";"atlastin GTPase 3";"ATL3";"25923"
"11721989_a_at";"family with sequence similarity 131, member A";"FAM131A";"131408"
"11722015_at";"oxidized low density lipoprotein (lectin-like) receptor 1";"OLR1";"4973"
"11722052_at";"plasmolipin";"PLLP";"51090"
"11722082_a_at";"RUN and FYVE domain containing 3";"RUFY3";"22902"
"11722104_a_at";"transmembrane protein, adipocyte asscociated 1";"TPRA1";"131601"
"11722196_x_at";"N-myristoyltransferase 1";"NMT1";"4836"
"11722300_a_at";"v-ets avian erythroblastosis virus E26 oncogene homolog 1";"ETS1";"2113"
"11722339_a_at";"diaphanous-related formin 2";"DIAPH2";"1730"
"11722342_a_at";"piezo-type mechanosensitive ion channel component 2";"PIEZO2";"63895"
"11722347_a_at";"RALBP1 associated Eps domain containing 2";"REPS2";"9185"
"11722365_a_at";"solute carrier family 4 (anion exchanger), member 1, adaptor protein";"SLC4A1AP";"22950"
"11722418_at";"UTP3, small subunit (SSU) processome component, homolog (S. cerevisiae)";"UTP3";"57050"
"11722466_s_at";"paired box 6";"PAX6";"5080"
"11722530_a_at";"caldesmon 1";"CALD1";"800"
"11722580_at";"charged multivesicular body protein 4A";"CHMP4A";"29082"
"11722628_at";"KIAA1033";"KIAA1033";"23325"
"11722647_x_at";"myosin light chain 1";"MYL1";"4632"
"11722702_x_at";"DAZ interacting zinc finger protein 1";"DZIP1";"22873"
"11722717_a_at";"GA binding protein transcription factor alpha subunit";"GABPA";"2551"
"11722731_a_at";"adaptor protein, phosphotyrosine interaction, PH domain and leucine zipper containing 1";"APPL1";"26060"
"11722758_at";"natriuretic peptide receptor 3";"NPR3";"4883"
"11722914_s_at";"bone morphogenetic protein receptor type IA";"BMPR1A";"657"
"11722929_a_at";"CNKSR family member 3";"CNKSR3";"154043"
"11722930_x_at";"phosphoribosylglycinamide formyltransferase, phosphoribosylglycinamide synthetase, phosphoribosylaminoimidazole synthetase";"GART";"2618"
"11722963_a_at";"coatomer protein complex subunit zeta 2";"COPZ2";"51226"
"11723061_s_at";"Rab interacting lysosomal protein-like 2";"RILPL2";"196383"
"11723100_at";"carbonic anhydrase XIV";"CA14";"23632"
"11723105_at";"cytidine monophosphate (UMP-CMP) kinase 2, mitochondrial";"CMPK2";"129607"
"11723111_a_at";"elastin microfibril interfacer 2";"EMILIN2";"84034"
"11723124_a_at";"MORC family CW-type zinc finger 3";"MORC3";"23515"
"11723186_at";"FYVE, RhoGEF and PH domain containing 6";"FGD6";"55785"
"11723189_a_at";"ADAM metallopeptidase domain 19";"ADAM19";"8728"
"11723272_at";"fem-1 homolog c (C. elegans)";"FEM1C";"56929"
"11723300_at";"ribosomal protein S6 kinase, 70kDa, polypeptide 1";"RPS6KB1";"6198"
"11723316_a_at";"dual specificity phosphatase 16";"DUSP16";"80824"
"11723426_a_at";"electron-transfer-flavoprotein, beta polypeptide";"ETFB";"2109"
"11723446_s_at";"transmembrane protein 132A";"TMEM132A";"54972"
"11723487_a_at";"laminin, beta 1";"LAMB1";"3912"
"11723496_a_at";"ybeY metallopeptidase (putative)";"YBEY";"54059"
"11723662_a_at";"sphingosine kinase 2";"SPHK2";"56848"
"11723764_a_at";"minichromosome maintenance complex component 3 associated protein";"MCM3AP";"8888"
"11723771_a_at";"microtubule associated serine/threonine kinase-like";"MASTL";"84930"
"11723803_a_at";"triggering receptor expressed on myeloid cells 2";"TREM2";"54209"
"11723805_a_at";"A kinase (PRKA) anchor protein 12";"AKAP12";"9590"
"11723812_at";"syntaxin 17";"STX17";"55014"
"11723826_a_at";"chromosome 2 open reading frame 88";"C2orf88";"84281"
"11723832_a_at";"transmembrane anterior posterior transformation 1";"TAPT1";"202018"
"11723864_s_at";"myotubularin related protein 11";"MTMR11";"10903"
"11724102_s_at";"PDZ domain containing ring finger 3";"PDZRN3";"23024"
"11724120_a_at";"tripartite motif containing 59";"TRIM59";"286827"
"11724126_a_at";"midline 2";"MID2";"11043"
"11724144_a_at";"RAB11 family interacting protein 2 (class I)";"RAB11FIP2";"22841"
"11724160_a_at";"glucoside xylosyltransferase 1";"GXYLT1";"283464"
"11724216_a_at";"G-patch domain containing 2";"GPATCH2";"55105"
"11724219_x_at";"glutathione S-transferase alpha 1";"GSTA1";"2938"
"11724295_at";"tetraspanin 18";"TSPAN18";"90139"
"11724366_a_at";"diphosphoinositol pentakisphosphate kinase 1";"PPIP5K1";"9677"
"11724382_a_at";"ST6 beta-galactosamide alpha-2,6-sialyltranferase 2";"ST6GAL2";"84620"
"11724392_at";"aspartate beta-hydroxylase domain containing 2";"ASPHD2";"57168"
"11724424_at";"G protein-coupled receptor 68";"GPR68";"8111"
"11724506_s_at";"MIS18 kinetochore protein A";"MIS18A";"54069"
"11724548_a_at";"round spermatid basic protein 1";"RSBN1";"54665"
"11724588_a_at";"ankyrin repeat domain 35";"ANKRD35";"148741"
"11724613_a_at";"dual specificity tyrosine-(Y)-phosphorylation regulated kinase 2";"DYRK2";"8445"
"11724617_a_at";"molybdenum cofactor synthesis 1";"MOCS1";"4337"
"11724632_a_at";"synaptotagmin XIII";"SYT13";"57586"
"11724637_s_at";"testis expressed 40";"TEX40";"25858"
"11724672_s_at";"elongator acetyltransferase complex subunit 5";"ELP5";"23587"
"11724681_a_at";"autophagy related 16-like 1";"ATG16L1";"55054"
"11724686_x_at";"interferon (alpha, beta and omega) receptor 2";"IFNAR2";"3455"
"11724792_a_at";"phosphatidylglycerophosphate synthase 1";"PGS1";"9489"
"11724809_at";"Cbl proto-oncogene, E3 ubiquitin protein ligase";"CBL";"867"
"11724862_at";"threonine synthase-like 1";"THNSL1";"79896"
"11724899_a_at";"transmembrane protein 198";"TMEM198";"130612"
"11724927_at";"protein phosphatase 1, regulatory subunit 3D";"PPP1R3D";"5509"
"11724938_at";"delta-like 1 (Drosophila)";"DLL1";"28514"
"11724985_a_at";"exophilin 5";"EXPH5";"23086"
"11725124_at";"cystatin F (leukocystatin)";"CST7";"8530"
"11725211_a_at";"phosphatidylinositol-specific phospholipase C, X domain containing 1";"PLCXD1";"55344"
"11725238_a_at";"RNA binding protein with multiple splicing 2";"RBPMS2";"348093"
"11725358_a_at";"aggrecan";"ACAN";"176"
"11725388_a_at";"homer scaffolding protein 1";"HOMER1";"9456"
"11725597_a_at";"sulfotransferase family 1C member 2";"SULT1C2";"6819"
"11725599_at";"brain expressed, associated with NEDD4, 1";"BEAN1";"146227"
"11725632_at";"nuclear receptor subfamily 4, group A, member 2";"NR4A2";"4929"
"11725636_a_at";"MOB kinase activator 1A";"MOB1A";"55233"
"11725660_a_at";"dipeptidyl-peptidase 8";"DPP8";"54878"
"11725729_s_at";"chromosome 1 open reading frame 56";"C1orf56";"54964"
"11725738_at";"membrane associated ring finger 3";"MARCH3";"115123"
"11725760_at";"BLOC-1 related complex subunit 8";"BORCS8";"729991"
"11725772_a_at";"mesoderm induction early response 1, family member 3";"MIER3";"166968"
"11725833_a_at";"alkB homolog 1, histone H2A dioxygenase";"ALKBH1";"8846"
"11725885_a_at";"CTD nuclear envelope phosphatase 1 regulatory subunit 1";"CNEP1R1";"255919"
"11725888_at";"mast cell-expressed membrane protein 1";"MCEMP1";"199675"
"11726063_a_at";"chromosome 2 open reading frame 40";"C2orf40";"84417"
"11726136_a_at";"thymosin beta 15B";"TMSB15B";"286527"
"11726241_at";"ryanodine receptor 3";"RYR3";"6263"
"11726244_a_at";"RAR-related orphan receptor A";"RORA";"6095"
"11726245_s_at";"histone cluster 1, H4c";"HIST1H4C";"8364"
"11726304_x_at";"major facilitator superfamily domain containing 4";"MFSD4";"148808"
"11726355_at";"ectonucleotide pyrophosphatase/phosphodiesterase 1";"ENPP1";"5167"
"11726437_a_at";"CKLF-like MARVEL transmembrane domain containing 8";"CMTM8";"152189"
"11726493_at";"zinc finger protein 775";"ZNF775";"285971"
"11726528_at";"family with sequence similarity 81, member A";"FAM81A";"145773"
"11726557_a_at";"gasdermin B";"GSDMB";"55876"
"11726562_at";"Sin3A associated protein 18kDa";"SAP18";"10284"
"11726568_x_at";"eukaryotic translation initiation factor 4 gamma, 1";"EIF4G1";"1981"
"11726704_x_at";"B-cell CLL/lymphoma 10";"BCL10";"8915"
"11726750_a_at";"general transcription factor IIIC subunit 4";"GTF3C4";"9329"
"11726768_at";"small muscle protein, X-linked";"SMPX";"23676"
"11726787_s_at";"transmembrane protein 100";"TMEM100";"55273"
"11726895_a_at";"interleukin 1 receptor associated kinase 3";"IRAK3";"11213"
"11726937_at";"suppression of tumorigenicity 18, zinc finger";"ST18";"9705"
"11726986_at";"ATPase, Na+/K+ transporting, beta 2 polypeptide";"ATP1B2";"482"
"11727042_s_at";"TELO2 interacting protein 2";"TTI2";"80185"
"11727138_a_at";"heat shock 70kDa protein 1-like";"HSPA1L";"3305"
"11727167_at";"striatin interacting protein 2";"STRIP2";"57464"
"11727238_at";"uronyl-2-sulfotransferase";"UST";"10090"
"11727251_at";"retinol dehydrogenase 12 (all-trans/9-cis/11-cis)";"RDH12";"145226"
"11727296_s_at";"transforming growth factor beta 3";"TGFB3";"7043"
"11727388_x_at";"Ras suppressor protein 1";"RSU1";"6251"
"11727598_a_at";"chromosome 9 open reading frame 64";"C9orf64";"84267"
"11727601_a_at";"WAP four-disulfide core domain 1";"WFDC1";"58189"
"11727819_at";"DEAD (Asp-Glu-Ala-Asp) box polypeptide 46";"DDX46";"9879"
"11727936_a_at";"solute carrier family 9, subfamily A (NHE3, cation proton antiporter 3), member 3 regulator 1";"SLC9A3R1";"9368"
"11727998_a_at";"myelin expression factor 2";"MYEF2";"50804"
"11728025_a_at";"protein phosphatase, Mg2+/Mn2+ dependent, 1J";"PPM1J";"333926"
"11728087_a_at";"zinc finger, X-linked, duplicated B";"ZXDB";"158586"
"11728148_at";"protease, serine 50";"PRSS50";"29122"
"11728219_a_at";"BCL2-associated transcription factor 1";"BCLAF1";"9774"
"11728232_a_at";"claudin 1";"CLDN1";"9076"
"11728246_at";"family with sequence similarity 134, member A";"FAM134A";"79137"
"11728390_at";"tetraspanin 2";"TSPAN2";"10100"
"11728405_s_at";"negative regulator of reactive oxygen species";"NRROS";"375387"
"11728437_at";"bromodomain and WD repeat domain containing 1";"BRWD1";"54014"
"11728440_at";"chromodomain helicase DNA binding protein 5";"CHD5";"26038"
"11728444_a_at";"TAO kinase 1";"TAOK1";"57551"
"11728449_at";"serine palmitoyltransferase, small subunit B";"SPTSSB";"165679"
"11728500_a_at";"interleukin 1 receptor, type II";"IL1R2";"7850"
"11728530_a_at";"B-cell linker";"BLNK";"29760"
"11728545_a_at";"SET and MYND domain containing 1";"SMYD1";"150572"
"11728577_a_at";"C2 calcium-dependent domain containing 4C";"C2CD4C";"126567"
"11728578_a_at";"PRELI domain containing 3A";"PRELID3A";"10650"
"11728609_a_at";"Bardet-Biedl syndrome 7";"BBS7";"55212"
"11728659_a_at";"hematological and neurological expressed 1-like";"HN1L";"90861"
"11728784_a_at";"inhibitor of growth family member 3";"ING3";"54556"
"11728826_s_at";"TMF1-regulated nuclear protein 1";"TRNP1";"388610"
"11728863_at";"GINS complex subunit 1 (Psf1 homolog)";"GINS1";"9837"
"11728909_s_at";"beta 3-glucosyltransferase";"B3GLCT";"145173"
"11728977_a_at";"serine/arginine repetitive matrix 3";"SRRM3";"222183"
"11728992_s_at";"immunoglobulin superfamily, DCC subclass, member 4";"IGDCC4";"57722"
"11729018_a_at";"sprouty RTK signaling antagonist 3";"SPRY3";"10251"
"11729042_a_at";"deleted in lung and esophageal cancer 1";"DLEC1";"9940"
"11729046_at";"transcription elongation regulator 1-like";"TCERG1L";"256536"
"11729136_a_at";"serine/threonine kinase 24";"STK24";"8428"
"11729146_a_at";"heterogeneous nuclear ribonucleoprotein D";"HNRNPD";"3184"
"11729236_at";"methylcrotonoyl-CoA carboxylase 2";"MCCC2";"64087"
"11729396_a_at";"NIMA-related kinase 1";"NEK1";"4750"
"11729431_a_at";"phosphatase domain containing, paladin 1";"PALD1";"27143"
"11729507_a_at";"neuronal PAS domain protein 3";"NPAS3";"64067"
"11729539_a_at";"inner mitochondrial membrane peptidase subunit 1";"IMMP1L";"196294"
"11729563_a_at";"leucine rich repeat containing 3B";"LRRC3B";"116135"
"11729589_a_at";"kallikrein related peptidase 2";"KLK2";"3817"
"11729604_s_at";"glypican 3";"GPC3";"2719"
"11729631_x_at";"adaptor-related protein complex 3, mu 1 subunit";"AP3M1";"26985"
"11729704_a_at";"zinc finger protein 561";"ZNF561";"93134"
"11729737_a_at";"RCC1 domain containing 1";"RCCD1";"91433"
"11729769_a_at";"CD38 molecule";"CD38";"952"
"11729773_a_at";"protein phosphatase, EF-hand calcium binding domain 1";"PPEF1";"5475"
"11729925_a_at";"tet methylcytosine dioxygenase 3";"TET3";"200424"
"11729927_a_at";"zinc finger protein 510";"ZNF510";"22869"
"11729957_x_at";"kininogen 1";"KNG1";"3827"
"11730038_at";"guanine nucleotide binding protein (G protein), gamma 13";"GNG13";"51764"
"11730047_a_at";"SLIT and NTRK-like family, member 5";"SLITRK5";"26050"
"11730105_a_at";"pyruvate kinase, liver and RBC";"PKLR";"5313"
"11730122_at";"tachykinin receptor 1";"TACR1";"6869"
"11730199_a_at";"adenosylhomocysteinase";"AHCY";"191"
"11730265_x_at";"coiled-coil domain containing 69";"CCDC69";"26112"
"11730291_a_at";"Rho GTPase activating protein 5";"ARHGAP5";"394"
"11730294_a_at";"SIN3 transcription regulator family member A";"SIN3A";"25942"
"11730317_at";"regulator of G-protein signaling 7 binding protein";"RGS7BP";"401190"
"11730373_a_at";"FYN binding protein";"FYB";"2533"
"11730375_a_at";"endonuclease, polyU-specific";"ENDOU";"8909"
"11730449_a_at";"dehydrogenase/reductase (SDR family) member 12";"DHRS12";"79758"
"11730457_a_at";"absent in melanoma 2";"AIM2";"9447"
"11730466_a_at";"potassium channel, inwardly rectifying subfamily J, member 2";"KCNJ2";"3759"
"11730496_x_at";"nudix hydrolase 19";"NUDT19";"390916"
"11730542_x_at";"acetyl-CoA acyltransferase 1";"ACAA1";"30"
"11730596_a_at";"nuclear receptor subfamily 1, group I, member 3";"NR1I3";"9970"
"11730657_a_at";"chromodomain helicase DNA binding protein 2";"CHD2";"1106"
"11730815_x_at";"leukocyte immunoglobulin-like receptor, subfamily B (with TM and ITIM domains), member 4";"LILRB4";"11006"
"11730907_a_at";"ATP binding cassette subfamily B member 1";"ABCB1";"5243"
"11731158_a_at";"excision repair cross-complementation group 4";"ERCC4";"2072"
"11731201_at";"fidgetin";"FIGN";"55137"
"11731226_a_at";"tudor domain containing 6";"TDRD6";"221400"
"11731337_a_at";"zinc finger protein 398";"ZNF398";"57541"
"11731365_at";"cyclin N-terminal domain containing 2";"CNTD2";"79935"
"11731389_a_at";"aspartate-rich 1";"DRICH1";"51233"
"11731413_at";"galactose mutarotase (aldose 1-epimerase)";"GALM";"130589"
"11731495_at";"ganglioside induced differentiation associated protein 2";"GDAP2";"54834"
"11731515_a_at";"exportin 4";"XPO4";"64328"
"11731519_at";"microfibrillar associated protein 3";"MFAP3";"4238"
"11731620_a_at";"arrestin, beta 2";"ARRB2";"409"
"11731682_at";"CD70 molecule";"CD70";"970"
"11731768_x_at";"arylsulfatase B";"ARSB";"411"
"11731806_a_at";"cholinergic receptor, muscarinic 3";"CHRM3";"1131"
"11731859_at";"zinc finger protein 720";"ZNF720";"124411"
"11731913_at";"G protein-coupled receptor 12";"GPR12";"2835"
"11731914_at";"adhesion molecule with Ig-like domain 1";"AMIGO1";"57463"
"11731917_at";"potassium channel, voltage gated shaker related subfamily A, member 3";"KCNA3";"3738"
"11731963_a_at";"zinc finger protein 709";"ZNF709";"163051"
"11732015_a_at";"tetratricopeptide repeat domain 23-like";"TTC23L";"153657"
"11732097_a_at";"cell division cycle 14A";"CDC14A";"8556"
"11732125_s_at";"coatomer protein complex subunit alpha";"COPA";"1314"
"11732147_a_at";"catalase";"CAT";"847"
"11732180_a_at";"platelet-activating factor receptor";"PTAFR";"5724"
"11732188_at";"phosphatidylinositol 4-kinase type 2 alpha";"PI4K2A";"55361"
"11732189_at";"notch 2";"NOTCH2";"4853"
"11732207_a_at";"glycine receptor alpha 2";"GLRA2";"2742"
"11732389_a_at";"dynein, cytoplasmic 2, light intermediate chain 1";"DYNC2LI1";"51626"
"11732605_at";"cerebellin 4 precursor";"CBLN4";"140689"
"11732671_s_at";"coiled-coil domain containing 107";"CCDC107";"203260"
"11732749_at";"SEC14-like lipid binding 5";"SEC14L5";"9717"
"11732780_at";"taste receptor, type 2, member 13";"TAS2R13";"50838"
"11732806_a_at";"Rho GTPase activating protein 24";"ARHGAP24";"83478"
"11732822_a_at";"mitogen-activated protein kinase kinase 4";"MAP2K4";"6416"
"11732833_a_at";"chromosome 9 open reading frame 135";"C9orf135";"138255"
"11732839_a_at";"ELKS/RAB6-interacting/CAST family member 2";"ERC2";"26059"
"11732843_a_at";"potassium voltage-gated channel, modifier subfamily S, member 2";"KCNS2";"3788"
"11732892_at";"cholinergic receptor, nicotinic alpha 10";"CHRNA10";"57053"
"11732999_a_at";"intercellular adhesion molecule 1";"ICAM1";"3383"
"11733072_a_at";"protein kinase N1";"PKN1";"5585"
"11733083_s_at";"palladin, cytoskeletal associated protein";"PALLD";"23022"
"11733101_at";"ubiquitin specific peptidase 12";"USP12";"219333"
"11733128_a_at";"solute carrier family 25 (S-adenosylmethionine carrier), member 26";"SLC25A26";"115286"
"11733137_a_at";"ethanolamine-phosphate phospho-lyase";"ETNPPL";"64850"
"11733143_a_at";"inositol(myo)-1(or 4)-monophosphatase 1";"IMPA1";"3612"
"11733153_s_at";"ubiquitin domain containing 2";"UBTD2";"92181"
"11733215_a_at";"signal transducer and activator of transcription 4";"STAT4";"6775"
"11733283_a_at";"KRAB box domain containing 4";"KRBOX4";"55634"
"11733318_a_at";"tachykinin receptor 2";"TACR2";"6865"
"11733320_a_at";"Harvey rat sarcoma viral oncogene homolog";"HRAS";"3265"
"11733349_at";"zinc finger protein 287";"ZNF287";"57336"
"11733376_s_at";"distal-less homeobox 1";"DLX1";"1745"
"11733384_a_at";"transmembrane protein 182";"TMEM182";"130827"
"11733474_at";"SRY box 21";"SOX21";"11166"
"11733487_a_at";"AF4/FMR2 family, member 2";"AFF2";"2334"
"11733585_at";"testis expressed 29";"TEX29";"121793"
"11733591_a_at";"chromosome 1 open reading frame 204";"C1orf204";"284677"
"11733640_a_at";"chromosome 6 open reading frame 10";"C6orf10";"10665"
"11733666_a_at";"G-patch domain containing 2 like";"GPATCH2L";"55668"
"11733825_s_at";"chromosome 1 open reading frame 198";"C1orf198";"84886"
"11733879_a_at";"HMG box domain containing 4";"HMGXB4";"10042"
"11734117_a_at";"butyrophilin, subfamily 3, member A3";"BTN3A3";"10384"
"11734137_a_at";"MDM2 binding protein";"MTBP";"27085"
"11734140_a_at";"Ral GTPase activating protein, alpha subunit 2 (catalytic)";"RALGAPA2";"57186"
"11734194_a_at";"unc-5 netrin receptor D";"UNC5D";"137970"
"11734248_a_at";"synaptonemal complex central element protein 1";"SYCE1";"93426"
"11734339_at";"POU class 3 homeobox 1";"POU3F1";"5453"
"11734445_at";"alanine and arginine rich domain containing protein";"AARD";"441376"
"11734458_a_at";"family with sequence similarity 160, member B1";"FAM160B1";"57700"
"11734469_a_at";"transmembrane protein 215";"TMEM215";"401498"
"11734494_at";"EPH receptor A8";"EPHA8";"2046"
"11734549_s_at";"transforming growth factor, beta-induced, 68kDa";"TGFBI";"7045"
"11734565_s_at";"C1q and tumor necrosis factor related protein 3";"C1QTNF3";"114899"
"11734572_at";"histone cluster 1, H1e";"HIST1H1E";"3008"
"11734578_a_at";"complement factor H";"CFH";"3075"
"11734587_x_at";"B melanoma antigen family, member 2";"BAGE2";"85319"
"11734742_a_at";"LIM domain kinase 2";"LIMK2";"3985"
"11734753_at";"TatD DNase domain containing 3";"TATDN3";"128387"
"11734755_a_at";"cysteine conjugate-beta lyase 2";"CCBL2";"56267"
"11734783_at";"chloride intracellular channel 2";"CLIC2";"1193"
"11734888_a_at";"immunoglobulin superfamily, member 1";"IGSF1";"3547"
"11734992_a_at";"ADP-ribosylation factor interacting protein 1";"ARFIP1";"27236"
"11735084_s_at";"FRAS1 related extracellular matrix protein 2";"FREM2";"341640"
"11735246_a_at";"transient receptor potential cation channel, subfamily V, member 3";"TRPV3";"162514"
"11735343_at";"SRY box 3";"SOX3";"6658"
"11735347_a_at";"mitochondrial elongation factor 2";"MIEF2";"125170"
"11735378_a_at";"centrosomal protein 162kDa";"CEP162";"22832"
"11735436_at";"forkhead-associated (FHA) phosphopeptide binding domain 1";"FHAD1";"114827"
"11735479_x_at";"coiled-coil domain containing 125";"CCDC125";"202243"
"11735545_at";"family with sequence similarity 177, member B";"FAM177B";"400823"
"11735566_at";"chromosome 5 open reading frame 64";"C5orf64";"285668"
"11735708_s_at";"metallophosphoesterase domain containing 1";"MPPED1";"758"
"11735736_a_at";"cAMP responsive element binding protein 3-like 3";"CREB3L3";"84699"
"11735815_at";"von Willebrand factor C domain containing 2";"VWC2";"375567"
"11735995_a_at";"ubiquitin specific peptidase 14 (tRNA-guanine transglycosylase)";"USP14";"9097"
"11736055_at";"BLOC-1 related complex subunit 7";"BORCS7";"119032"
"11736139_at";"intersectin 1";"ITSN1";"6453"
"11736318_a_at";"small nuclear ribonucleoprotein, U11/U12 48KDa subunit";"SNRNP48";"154007"
"11736575_x_at";"G protein-coupled receptor 155";"GPR155";"151556"
"11736577_a_at";"interleukin 1 receptor associated kinase 1 binding protein 1";"IRAK1BP1";"134728"
"11736808_a_at";"vav 2 guanine nucleotide exchange factor";"VAV2";"7410"
"11736839_at";"family with sequence similarity 198, member A";"FAM198A";"729085"
"11736857_at";"outer dense fiber of sperm tails 1";"ODF1";"4956"
"11736884_a_at";"syntaxin binding protein 5 (tomosyn)";"STXBP5";"134957"
"11736896_at";"proline rich Gla (G-carboxyglutamic acid) 4 (transmembrane)";"PRRG4";"79056"
"11736936_s_at";"cerebral dopamine neurotrophic factor";"CDNF";"441549"
"11736955_a_at";"maelstrom spermatogenic transposon silencer";"MAEL";"84944"
"11736971_at";"makorin ring finger protein 3";"MKRN3";"7681"
"11737023_at";"dopamine receptor D1";"DRD1";"1812"
"11737050_x_at";"histamine receptor H1";"HRH1";"3269"
"11737084_at";"zinc finger protein 490";"ZNF490";"57474"
"11737122_at";"ankyrin-repeat and fibronectin type III domain containing 1";"ANKFN1";"162282"
"11737138_a_at";"ubiquilin 1";"UBQLN1";"29979"
"11737224_at";"MAS1 proto-oncogene, G protein-coupled receptor";"MAS1";"4142"
"11737225_a_at";"microtubule associated serine/threonine kinase family member 4";"MAST4";"375449"
"11737247_at";"zinc finger protein 141";"ZNF141";"7700"
"11737263_at";"harakiri, BCL2 interacting protein";"HRK";"8739"
"11737308_at";"chromosome 14 open reading frame 2";"C14orf2";"9556"
"11737668_at";"taste receptor, type 2, member 4";"TAS2R4";"50832"
"11737700_a_at";"DEAD (Asp-Glu-Ala-Asp) box polypeptide 31";"DDX31";"64794"
"11737704_s_at";"aarF domain containing kinase 1";"ADCK1";"57143"
"11737723_a_at";"GLIS family zinc finger 3";"GLIS3";"169792"
"11737770_a_at";"apolipoprotein L, 4";"APOL4";"80832"
"11737816_x_at";"methyltransferase like 21B";"METTL21B";"25895"
"11737844_a_at";"family with sequence similarity 102, member A";"FAM102A";"399665"
"11737935_at";"protocadherin gamma subfamily A, 5";"PCDHGA5";"56110"
"11737972_at";"RAB39A, member RAS oncogene family";"RAB39A";"54734"
"11737978_a_at";"NIM1 serine/threonine protein kinase";"NIM1K";"167359"
"11738033_a_at";"protocadherin gamma subfamily B, 4";"PCDHGB4";"8641"
"11738064_at";"mannosyl (alpha-1,6-)-glycoprotein beta-1,6-N-acetyl-glucosaminyltransferase";"MGAT5";"4249"
"11738124_x_at";"sialic acid binding Ig-like lectin 10";"SIGLEC10";"89790"
"11738326_at";"taste receptor, type 2, member 19";"TAS2R19";"259294"
"11738446_a_at";"nuclear factor of activated T-cells 5, tonicity-responsive";"NFAT5";"10725"
"11738518_a_at";"potassium channel, voltage gated eag related subfamily H, member 1";"KCNH1";"3756"
"11738607_a_at";"potassium channel tetramerization domain containing 16";"KCTD16";"57528"
"11738617_s_at";"myosin VIIA";"MYO7A";"4647"
"11738626_a_at";"forkhead box P2";"FOXP2";"93986"
"11738636_x_at";"protocadherin gamma subfamily A, 3";"PCDHGA3";"56112"
"11738803_a_at";"calcium channel, voltage-dependent, T type, alpha 1G subunit";"CACNA1G";"8913"
"11738811_a_at";"inositol polyphosphate-4-phosphatase type I A";"INPP4A";"3631"
"11738864_a_at";"abhydrolase domain containing 12B";"ABHD12B";"145447"
"11738935_a_at";"killer cell lectin-like receptor subfamily C, member 3";"KLRC3";"3823"
"11739054_a_at";"protein tyrosine phosphatase, non-receptor type 6";"PTPN6";"5777"
"11739066_s_at";"MYC-associated zinc finger protein (purine-binding transcription factor)";"MAZ";"4150"
"11739108_a_at";"chromosome X open reading frame 56";"CXorf56";"63932"
"11739206_a_at";"tubulin tyrosine ligase";"TTL";"150465"
"11739262_at";"vacuolar protein sorting 4 homolog B (S. cerevisiae)";"VPS4B";"9525"
"11739318_a_at";"family with sequence similarity 114, member A1";"FAM114A1";"92689"
"11739557_a_at";"vesicle associated membrane protein 5";"VAMP5";"10791"
"11739562_a_at";"ganglioside induced differentiation associated protein 1";"GDAP1";"54332"
"11739569_at";"ash1 (absent, small, or homeotic)-like (Drosophila)";"ASH1L";"55870"
"11739578_at";"piggyBac transposable element derived 1";"PGBD1";"84547"
"11739805_a_at";"RAS protein activator like 2";"RASAL2";"9462"
"11739853_a_at";"sorting nexin 16";"SNX16";"64089"
"11739965_a_at";"G protein-coupled receptor 39";"GPR39";"2863"
"11740016_at";"solute carrier family 6 (neurotransmitter transporter), member 11";"SLC6A11";"6538"
"11740283_at";"transmembrane p24 trafficking protein family member 8";"TMED8";"283578"
"11740285_at";"EF-hand calcium binding domain 1";"EFCAB1";"79645"
"11740543_at";"ADAMTS like 5";"ADAMTSL5";"339366"
"11740612_a_at";"solute carrier family 8 (sodium/calcium exchanger), member 1";"SLC8A1";"6546"
"11740621_a_at";"lysine (K)-specific demethylase 2B";"KDM2B";"84678"
"11740637_at";"G protein-coupled receptor 19";"GPR19";"2842"
"11740675_a_at";"guanine nucleotide binding protein (G protein), alpha activating activity polypeptide, olfactory type";"GNAL";"2774"
"11740777_a_at";"family with sequence similarity 129, member C";"FAM129C";"199786"
"11740856_a_at";"glycogenin 2";"GYG2";"8908"
"11740873_x_at";"membrane-spanning 4-domains, subfamily A, member 7";"MS4A7";"58475"
"11741011_a_at";"SAC1 suppressor of actin mutations 1-like (yeast)";"SACM1L";"22908"
"11741144_x_at";"CD151 molecule (Raph blood group)";"CD151";"977"
"11741156_at";"von Willebrand factor A domain containing 7";"VWA7";"80737"
"11741278_a_at";"zinc finger, FYVE domain containing 27";"ZFYVE27";"118813"
"11741288_a_at";"neurexophilin 4";"NXPH4";"11247"
"11741599_at";"late cornified envelope 2A";"LCE2A";"353139"
"11741665_at";"protocadherin gamma subfamily A, 11";"PCDHGA11";"56105"
"11741712_a_at";"insulin-like growth factor 2 mRNA binding protein 2";"IGF2BP2";"10644"
"11741771_a_at";"proteasome 26S subunit, non-ATPase 13";"PSMD13";"5719"
"11742062_a_at";"acidic nuclear phosphoprotein 32 family member E";"ANP32E";"81611"
"11742082_a_at";"lactase-like";"LCTL";"197021"
"11742135_at";"acyl-CoA binding domain containing 4";"ACBD4";"79777"
"11742159_at";"olfactory receptor, family 2, subfamily M, member 4";"OR2M4";"26245"
"11742716_a_at";"transforming growth factor beta regulator 1";"TBRG1";"84897"
"11742890_at";"meiotic nuclear divisions 1";"MND1";"84057"
"11742905_a_at";"DnaJ (Hsp40) homolog, subfamily C, member 1";"DNAJC1";"64215"
"11742934_s_at";"POC1 centriolar protein A";"POC1A";"25886"
"11743132_at";"sarcolipin";"SLN";"6588"
"11743197_at";"toll-like receptor 4";"TLR4";"7099"
"11743345_a_at";"FtsJ RNA methyltransferase homolog 1 (E. coli)";"FTSJ1";"24140"
"11743431_at";"LYR motif containing 9";"LYRM9";"201229"
"11743569_a_at";"echinoderm microtubule associated protein like 1";"EML1";"2009"
"11743633_a_at";"syntaxin 2";"STX2";"2054"
"11743702_a_at";"THUMP domain containing 3";"THUMPD3";"25917"
"11743708_at";"synaptonemal complex protein 2";"SYCP2";"10388"
"11743795_at";"lactation elevated 1";"LACE1";"246269"
"11743859_x_at";"interleukin 33";"IL33";"90865"
"11743927_at";"SEC24 homolog A, COPII coat complex component";"SEC24A";"10802"
"11743952_a_at";"cilia and flagella associated protein 206";"CFAP206";"154313"
"11743966_a_at";"cerebral endothelial cell adhesion molecule";"CERCAM";"51148"
"11744082_at";"mitochondrial ribosomal protein S31";"MRPS31";"10240"
"11744100_a_at";"GDP-mannose pyrophosphorylase B";"GMPPB";"29925"
"11744214_s_at";"TRAF-type zinc finger domain containing 1";"TRAFD1";"10906"
"11744229_a_at";"RAS-like, family 11, member B";"RASL11B";"65997"
"11744297_a_at";"RecQ mediated genome instability 2";"RMI2";"116028"
"11744344_x_at";"YY1 associated protein 1";"YY1AP1";"55249"
"11744414_a_at";"HIV-1 Tat specific factor 1";"HTATSF1";"27336"
"11744427_a_at";"synapse associated protein 1";"SYAP1";"94056"
"11744575_a_at";"ELOVL fatty acid elongase 2";"ELOVL2";"54898"
"11744668_x_at";"solute carrier family 4 (anion exchanger), member 2";"SLC4A2";"6522"
"11744752_a_at";"general transcription factor IIIC subunit 2";"GTF3C2";"2976"
"11744762_a_at";"family with sequence similarity 53, member A";"FAM53A";"152877"
"11744768_a_at";"Z-DNA binding protein 1";"ZBP1";"81030"
"11744775_x_at";"basic leucine zipper and W2 domains 1";"BZW1";"9689"
"11744787_a_at";"anillin actin binding protein";"ANLN";"54443"
"11744929_a_at";"jumonji, AT rich interactive domain 2";"JARID2";"3720"
"11744956_a_at";"polybromo 1";"PBRM1";"55193"
"11744972_a_at";"myosin XVA";"MYO15A";"51168"
"11745079_a_at";"tankyrase, TRF1-interacting ankyrin-related ADP-ribose polymerase";"TNKS";"8658"
"11745083_a_at";"mannosidase, endo-alpha";"MANEA";"79694"
"11745086_a_at";"tumor protein p53 regulated apoptosis inducing protein 1";"TP53AIP1";"63970"
"11745211_a_at";"zinc finger protein 33B";"ZNF33B";"7582"
"11745217_a_at";"MKL/myocardin-like 2";"MKL2";"57496"
"11745328_a_at";"leucine-rich pentatricopeptide repeat containing";"LRPPRC";"10128"
"11745343_a_at";"family with sequence similarity 53, member B";"FAM53B";"9679"
"11745386_a_at";"zinc finger protein 638";"ZNF638";"27332"
"11745395_a_at";"myosin VB";"MYO5B";"4645"
"11745419_a_at";"tau tubulin kinase 2";"TTBK2";"146057"
"11745460_at";"NADH dehydrogenase (ubiquinone) flavoprotein 3, 10kDa";"NDUFV3";"4731"
"11745507_a_at";"membrane associated ring finger 7";"MARCH7";"64844"
"11745532_a_at";"zinc finger protein 518A";"ZNF518A";"9849"
"11745585_a_at";"chaperonin containing TCP1, subunit 6B (zeta 2)";"CCT6B";"10693"
"11745703_a_at";"RCAN family member 3";"RCAN3";"11123"
"11745729_a_at";"carbohydrate kinase domain containing";"CARKD";"55739"
"11745863_a_at";"uncharacterized LOC730098";"LOC730098";"730098"
"11745969_a_at";"sideroflexin 5";"SFXN5";"94097"
"11745984_a_at";"serine/arginine repetitive matrix 1";"SRRM1";"10250"
"11745989_a_at";"major histocompatibility complex, class II, DM alpha";"HLA-DMA";"3108"
"11746025_a_at";"mast cell immunoglobulin-like receptor 1";"MILR1";"284021"
"11746032_a_at";"Ral GEF with PH domain and SH3 binding motif 2";"RALGPS2";"55103"
"11746083_a_at";"SEC24 homolog D, COPII coat complex component";"SEC24D";"9871"
"11746299_a_at";"centlein, centrosomal protein";"CNTLN";"54875"
"11746311_a_at";"zinc finger protein 326";"ZNF326";"284695"
"11746369_a_at";"cleavage and polyadenylation specific factor 6";"CPSF6";"11052"
"11746396_a_at";"poly(ADP-ribose) polymerase family member 4";"PARP4";"143"
"11746423_a_at";"ring finger protein, transmembrane 1";"RNFT1";"51136"
"11746575_a_at";"latent transforming growth factor beta binding protein 3";"LTBP3";"4054"
"11746588_a_at";"aldehyde dehydrogenase 1 family, member B1";"ALDH1B1";"219"
"11746612_a_at";"pentatricopeptide repeat domain 3";"PTCD3";"55037"
"11746670_a_at";"transmembrane protein 120A";"TMEM120A";"83862"
"11746718_at";"lysine (K)-specific demethylase 4C";"KDM4C";"23081"
"11746726_a_at";"SPT6 homolog, histone chaperone";"SUPT6H";"6830"
"11746837_a_at";"polo-like kinase 2";"PLK2";"10769"
"11746965_a_at";"alanyl (membrane) aminopeptidase";"ANPEP";"290"
"11746976_a_at";"GTPase activating protein and VPS9 domains 1";"GAPVD1";"26130"
"11746991_a_at";"ATPase, Na+/K+ transporting, beta 1 polypeptide";"ATP1B1";"481"
"11747025_a_at";"erb-b2 receptor tyrosine kinase 3";"ERBB3";"2065"
"11747153_x_at";"acyl-CoA thioesterase 9";"ACOT9";"23597"
"11747164_a_at";"U2 snRNP-associated SURP domain containing";"U2SURP";"23350"
"11747335_a_at";"centrosomal protein 70kDa";"CEP70";"80321"
"11747410_a_at";"mitochondrial ribosome recycling factor";"MRRF";"92399"
"11747460_x_at";"transgelin 2";"TAGLN2";"8407"
"11747520_a_at";"PMS2 C-terminal like pseudogene";"PMS2CL";"441194"
"11747566_a_at";"UBX domain protein 11";"UBXN11";"91544"
"11747583_s_at";"pregnancy up-regulated nonubiquitous CaM kinase";"PNCK";"139728"
"11747645_a_at";"ADAM metallopeptidase domain 17";"ADAM17";"6868"
"11747661_x_at";"dematin actin binding protein";"DMTN";"2039"
"11747761_a_at";"mago homolog, exon junction complex core component";"MAGOH";"4116"
"11747787_a_at";"HtrA serine peptidase 1";"HTRA1";"5654"
"11747861_a_at";"SNF related kinase";"SNRK";"54861"
"11748079_a_at";"nebulin";"NEB";"4703"
"11748094_a_at";"family with sequence similarity 3, member C";"FAM3C";"10447"
"11748122_a_at";"potassium channel, voltage gated subfamily A regulatory beta subunit 1";"KCNAB1";"7881"
"11748139_a_at";"ring finger protein 14";"RNF14";"9604"
"11748148_a_at";"coenzyme Q6 monooxygenase";"COQ6";"51004"
"11748180_a_at";"serpin peptidase inhibitor, clade B (ovalbumin), member 8";"SERPINB8";"5271"
"11748227_a_at";"GID complex subunit 8";"GID8";"54994"
"11748397_x_at";"tubby like protein 3";"TULP3";"7289"
"11748411_x_at";"flightless I actin binding protein";"FLII";"2314"
"11748430_x_at";"armadillo repeat containing 5";"ARMC5";"79798"
"11748449_a_at";"integrin alpha 5";"ITGA5";"3678"
"11748455_a_at";"solute carrier family 46 (folate transporter), member 1";"SLC46A1";"113235"
"11748474_s_at";"homeobox B3";"HOXB3";"3213"
"11748486_a_at";"alkylglycerone phosphate synthase";"AGPS";"8540"
"11748534_a_at";"dimethylarginine dimethylaminohydrolase 1";"DDAH1";"23576"
"11748591_a_at";"coatomer protein complex subunit beta 2 (beta prime)";"COPB2";"9276"
"11748698_s_at";"lymphatic vessel endothelial hyaluronan receptor 1";"LYVE1";"10894"
"11748793_a_at";"asparagine synthetase (glutamine-hydrolyzing)";"ASNS";"440"
"11748871_a_at";"acyl-CoA synthetase medium-chain family member 5";"ACSM5";"54988"
"11749023_a_at";"solute carrier family 16, member 4";"SLC16A4";"9122"
"11749165_a_at";"glycosyltransferase 1 domain containing 1";"GLT1D1";"144423"
"11749220_a_at";"chromosome 6 open reading frame 89";"C6orf89";"221477"
"11749233_s_at";"nucleosome assembly protein 1-like 1";"NAP1L1";"4673"
"11749356_a_at";"DCN1, defective in cullin neddylation 1, domain containing 4";"DCUN1D4";"23142"
"11749358_a_at";"acyl-CoA dehydrogenase, long chain";"ACADL";"33"
"11749370_x_at";"XIAP associated factor 1";"XAF1";"54739"
"11749380_a_at";"WD repeat domain 74";"WDR74";"54663"
"11749384_a_at";"component of oligomeric golgi complex 3";"COG3";"83548"
"11749406_a_at";"transmembrane protein 54";"TMEM54";"113452"
"11749450_a_at";"deoxyribonuclease II, lysosomal";"DNASE2";"1777"
"11749467_a_at";"protein kinase, DNA-activated, catalytic polypeptide";"PRKDC";"5591"
"11749502_a_at";"reelin";"RELN";"5649"
"11749549_a_at";"phosphatidylinositol glycan anchor biosynthesis class X";"PIGX";"54965"
"11749557_x_at";"apolipoprotein L, 6";"APOL6";"80830"
"11749599_a_at";"sema domain, immunoglobulin domain (Ig), short basic domain, secreted, (semaphorin) 3C";"SEMA3C";"10512"
"11749601_x_at";"leucine rich transmembrane and O-methyltransferase domain containing";"LRTOMT";"220074"
"11749630_a_at";"KRR1, small subunit (SSU) processome component, homolog (yeast)";"KRR1";"11103"
"11749724_a_at";"multiple EGF-like-domains 9";"MEGF9";"1955"
"11749778_a_at";"protein disulfide isomerase family A, member 6";"PDIA6";"10130"
"11749839_a_at";"V-set and immunoglobulin domain containing 1";"VSIG1";"340547"
"11749977_a_at";"ring finger protein (C3H2C3 type) 6";"RNF6";"6049"
"11749982_a_at";"phosphatidylinositol-5-phosphate 4-kinase, type II, beta";"PIP4K2B";"8396"
"11749990_x_at";"major histocompatibility complex, class I, A";"HLA-A";"3105"
"11750117_s_at";"PHD finger protein 2";"PHF2";"5253"
"11750196_a_at";"annexin A4";"ANXA4";"307"
"11750248_x_at";"sorting nexin 19";"SNX19";"399979"
"11750352_a_at";"KIAA0930";"KIAA0930";"23313"
"11750370_a_at";"transportin 1";"TNPO1";"3842"
"11750373_a_at";"breast cancer 1, early onset";"BRCA1";"672"
"11750551_a_at";"serine/threonine kinase 4";"STK4";"6789"
"11750558_s_at";"zinc finger protein 271, pseudogene";"ZNF271P";"10778"
"11750791_a_at";"NIMA-related kinase 11";"NEK11";"79858"
"11750823_a_at";"prolactin regulatory element binding";"PREB";"10113"
"11750835_a_at";"phosphatase and actin regulator 1";"PHACTR1";"221692"
"11750848_a_at";"translocase of outer mitochondrial membrane 70 homolog A (S. cerevisiae)";"TOMM70A";"9868"
"11750890_a_at";"methionyl-tRNA synthetase 2, mitochondrial";"MARS2";"92935"
"11750950_a_at";"calcium channel, voltage-dependent, L type, alpha 1D subunit";"CACNA1D";"776"
"11750978_a_at";"corticotropin releasing hormone receptor 2";"CRHR2";"1395"
"11750981_a_at";"SH3KBP1 binding protein 1";"SHKBP1";"92799"
"11751084_s_at";"plexin D1";"PLXND1";"23129"
"11751161_a_at";"tweety family member 1";"TTYH1";"57348"
"11751243_a_at";"OTU deubiquitinase 7B";"OTUD7B";"56957"
"11751259_a_at";"calcium channel, voltage-dependent, alpha 2/delta subunit 1";"CACNA2D1";"781"
"11751312_a_at";"BAI1-associated protein 3";"BAIAP3";"8938"
"11751527_s_at";"WD repeat domain 1";"WDR1";"9948"
"11751623_s_at";"adaptor-related protein complex 4, mu 1 subunit";"AP4M1";"9179"
"11751625_a_at";"DCN1, defective in cullin neddylation 1, domain containing 1";"DCUN1D1";"54165"
"11751628_a_at";"transmembrane protein 140";"TMEM140";"55281"
"11751639_a_at";"general transcription factor IIi";"GTF2I";"2969"
"11751651_s_at";"phospholipid scramblase 1";"PLSCR1";"5359"
"11751825_a_at";"sorting nexin 32";"SNX32";"254122"
"11751867_a_at";"chromosome 8 open reading frame 59";"C8orf59";"401466"
"11751995_a_at";"adhesion G protein-coupled receptor G2";"ADGRG2";"10149"
"11752131_a_at";"reticulon 4";"RTN4";"57142"
"11752169_a_at";"aldehyde dehydrogenase 1 family, member L2";"ALDH1L2";"160428"
"11752210_x_at";"gamma-glutamyl carboxylase";"GGCX";"2677"
"11752258_a_at";"acyl-CoA synthetase long-chain family member 4";"ACSL4";"2182"
"11752265_a_at";"androgen receptor";"AR";"367"
"11752321_a_at";"mirror-image polydactyly 1";"MIPOL1";"145282"
"11752324_a_at";"TBC1 domain family, member 30";"TBC1D30";"23329"
"11752420_x_at";"nuclear pore complex interacting protein family, member B6";"NPIPB6";"728741"
"11752492_a_at";"activin A receptor type IIA";"ACVR2A";"92"
"11752518_a_at";"autophagy related 2B";"ATG2B";"55102"
"11752551_a_at";"angiomotin";"AMOT";"154796"
"11752615_a_at";"discs, large homolog 1 (Drosophila)";"DLG1";"1739"
"11752622_a_at";"PX domain containing serine/threonine kinase";"PXK";"54899"
"11752641_a_at";"protein tyrosine kinase 7 (inactive)";"PTK7";"5754"
"11752661_a_at";"Meckel syndrome, type 1";"MKS1";"54903"
"11752664_a_at";"sphingosine-1-phosphate receptor 5";"S1PR5";"53637"
"11752765_s_at";"thioredoxin interacting protein";"TXNIP";"10628"
"11752767_a_at";"sperm associated antigen 9";"SPAG9";"9043"
"11752928_x_at";"peptidylprolyl isomerase A (cyclophilin A)";"PPIA";"5478"
"11752936_a_at";"RNA binding motif protein 28";"RBM28";"55131"
"11753044_a_at";"ubiquitin specific peptidase 25";"USP25";"29761"
"11753051_x_at";"zinc finger protein 483";"ZNF483";"158399"
"11753212_a_at";"transmembrane protein 131";"TMEM131";"23505"
"11753349_a_at";"neuregulin 3";"NRG3";"10718"
"11753360_a_at";"MAGE family member C3";"MAGEC3";"139081"
"11753366_x_at";"prostaglandin E synthase 3 (cytosolic)";"PTGES3";"10728"
"11753419_a_at";"family with sequence similarity 172, member A";"FAM172A";"83989"
"11753491_s_at";"endoplasmic reticulum protein 29";"ERP29";"10961"
"11753495_a_at";"CCR4-NOT transcription complex subunit 6-like";"CNOT6L";"246175"
"11753507_a_at";"SR-related CTD-associated factor 1";"SCAF1";"58506"
"11753549_a_at";"CKLF-like MARVEL transmembrane domain containing 3";"CMTM3";"123920"
"11753570_s_at";"leucine zipper, putative tumor suppressor 1";"LZTS1";"11178"
"11753703_a_at";"transmembrane protein 44";"TMEM44";"93109"
"11753717_a_at";"lysine (K)-specific demethylase 7A";"KDM7A";"80853"
"11753860_a_at";"guanine nucleotide binding protein (G protein), gamma 4";"GNG4";"2786"
"11753907_a_at";"protein O-fucosyltransferase 2";"POFUT2";"23275"
"11753969_a_at";"leukocyte immunoglobulin-like receptor, subfamily A (with TM domain), member 4";"LILRA4";"23547"
"11754101_x_at";"TGF-beta activated kinase 1/MAP3K7 binding protein 2";"TAB2";"23118"
"11754127_a_at";"breast cancer metastasis suppressor 1";"BRMS1";"25855"
"11754132_x_at";"catechol-O-methyltransferase";"COMT";"1312"
"11754184_a_at";"aldehyde dehydrogenase 1 family, member A3";"ALDH1A3";"220"
"11754206_a_at";"human immunodeficiency virus type I enhancer binding protein 2";"HIVEP2";"3097"
"11754273_a_at";"SH3 domain containing ring finger 1";"SH3RF1";"57630"
"11754300_x_at";"target of myb1 membrane trafficking protein";"TOM1";"10043"
"11754373_a_at";"MAP/microtubule affinity-regulating kinase 3";"MARK3";"4140"
"11754391_a_at";"coiled-coil domain containing 51";"CCDC51";"79714"
"11754425_a_at";"centromere protein J";"CENPJ";"55835"
"11754429_a_at";"laminin, alpha 2";"LAMA2";"3908"
"11754458_a_at";"acrosin binding protein";"ACRBP";"84519"
"11754475_a_at";"IQ motif containing K";"IQCK";"124152"
"11754483_a_at";"PX domain containing 1";"PXDC1";"221749"
"11754514_a_at";"acetyl-CoA carboxylase alpha";"ACACA";"31"
"11754600_a_at";"SHC (Src homology 2 domain containing) transforming protein 3";"SHC3";"53358"
"11754601_s_at";"spondin 2, extracellular matrix protein";"SPON2";"10417"
"11754660_a_at";"golgi transport 1A";"GOLT1A";"127845"
"11754683_x_at";"ALS2 C-terminal like";"ALS2CL";"259173"
"11754695_a_at";"phospholipase A2, group V";"PLA2G5";"5322"
"11754750_a_at";"neuroligin 4, X-linked";"NLGN4X";"57502"
"11754831_a_at";"SRSF protein kinase 2";"SRPK2";"6733"
"11754848_a_at";"zinc finger protein 169";"ZNF169";"169841"
"11754894_a_at";"unc-79 homolog (C. elegans)";"UNC79";"57578"
"11755058_a_at";"bromodomain adjacent to zinc finger domain 1A";"BAZ1A";"11177"
"11755106_a_at";"PDZ and LIM domain 3";"PDLIM3";"27295"
"11755110_a_at";"leucine-rich repeats and immunoglobulin-like domains 1";"LRIG1";"26018"
"11755188_s_at";"bromodomain containing 9";"BRD9";"65980"
"11755217_a_at";"zinc finger protein 142";"ZNF142";"7701"
"11755225_a_at";"tubulin tyrosine ligase-like family member 4";"TTLL4";"9654"
"11755243_a_at";"SMG7 nonsense mediated mRNA decay factor";"SMG7";"9887"
"11755363_a_at";"WD repeat domain 91";"WDR91";"29062"
"11755428_a_at";"polymerase (DNA directed) kappa";"POLK";"51426"
"11755479_x_at";"zinc finger protein 528";"ZNF528";"84436"
"11755505_a_at";"zinc finger, SWIM-type containing 7";"ZSWIM7";"125150"
"11755676_a_at";"interaction protein for cytohesin exchange factors 1";"IPCEF1";"26034"
"11755787_s_at";"tectonic family member 1";"TCTN1";"79600"
"11755805_a_at";"zinc finger protein 407";"ZNF407";"55628"
"11755904_a_at";"Rab interacting lysosomal protein-like 1";"RILPL1";"353116"
"11755922_a_at";"Rho guanine nucleotide exchange factor 28";"ARHGEF28";"64283"
"11755966_x_at";"major histocompatibility complex, class I, B";"HLA-B";"3106"
"11756146_x_at";"S100 calcium binding protein A4";"S100A4";"6275"
"11756204_s_at";"tubulin, beta pseudogene 5";"TUBBP5";"643224"
"11756271_a_at";"fibronectin type III and ankyrin repeat domains 1";"FANK1";"92565"
"11756300_a_at";"acidic nuclear phosphoprotein 32 family member B";"ANP32B";"10541"
"11756310_a_at";"nuclear transport factor 2-like export factor 2";"NXT2";"55916"
"11756359_s_at";"adrenoceptor alpha 2C";"ADRA2C";"152"
"11756393_x_at";"coronin, actin binding protein, 1A";"CORO1A";"11151"
"11756527_a_at";"sorting nexin 10";"SNX10";"29887"
"11756602_x_at";"synaptotagmin IV";"SYT4";"6860"
"11756604_a_at";"protocadherin beta 2";"PCDHB2";"56133"
"11756641_a_at";"zinc finger protein 256";"ZNF256";"10172"
"11756645_x_at";"chemokine (C-X-C motif) ligand 16";"CXCL16";"58191"
"11756655_a_at";"malonyl-CoA-acyl carrier protein transacylase";"MCAT";"27349"
"11756706_a_at";"dipeptidyl-peptidase 4";"DPP4";"1803"
"11756707_a_at";"unc-5 netrin receptor C";"UNC5C";"8633"
"11756820_a_at";"interferon-induced protein with tetratricopeptide repeats 1";"IFIT1";"3434"
"11756831_a_at";"CXXC finger protein 1";"CXXC1";"30827"
"11756836_s_at";"guanine nucleotide binding protein (G protein), alpha 14";"GNA14";"9630"
"11756884_a_at";"chromosome 15 open reading frame 52";"C15orf52";"388115"
"11756953_a_at";"interleukin 1 receptor, type I";"IL1R1";"3554"
"11756960_a_at";"zinc finger, C3HC-type containing 1";"ZC3HC1";"51530"
"11756961_a_at";"hypoxia up-regulated 1";"HYOU1";"10525"
"11757114_at";"small nucleolar RNA, H/ACA box 12";"SNORA12";"677800"
"11757136_x_at";"small nucleolar RNA, H/ACA box 2C";"SNORA2C";"677815"
"11757190_s_at";"lipopolysaccharide-induced TNF factor";"LITAF";"9516"
"11757221_x_at";"ribosomal protein S2 pseudogene 32";"RPS2P32";"256355"
"11757278_x_at";"argininosuccinate synthase 1";"ASS1";"445"
"11757310_s_at";"transmembrane protein 98";"TMEM98";"26022"
"11757372_a_at";"nudix hydrolase 1";"NUDT1";"4521"
"11757403_x_at";"plasminogen";"PLG";"5340"
"11757420_s_at";"ZFP36 ring finger protein-like 2";"ZFP36L2";"678"
"11757444_a_at";"egl-9 family hypoxia-inducible factor 3";"EGLN3";"112399"
"11757447_s_at";"cytohesin 3";"CYTH3";"9265"
"11757466_s_at";"family with sequence similarity 177, member A1";"FAM177A1";"283635"
"11757468_a_at";"natriuretic peptide A";"NPPA";"4878"
"11757491_x_at";"reactive oxygen species modulator 1";"ROMO1";"140823"
"11757559_s_at";"mastermind-like transcriptional coactivator 1";"MAML1";"9794"
"11757560_a_at";"neuropeptide Y";"NPY";"4852"
"11757583_s_at";"TLR4 interactor with leucine-rich repeats";"TRIL";"9865"
"11757606_s_at";"enoyl-CoA hydratase, short chain, 1, mitochondrial";"ECHS1";"1892"
"11757738_s_at";"FAT atypical cadherin 1";"FAT1";"2195"
"11757760_s_at";"DnaJ (Hsp40) homolog, subfamily B, member 12";"DNAJB12";"54788"
"11757864_s_at";"insulinoma-associated 1";"INSM1";"3642"
"11757926_s_at";"solute carrier family 9, subfamily A (NHE9, cation proton antiporter 9), member 9";"SLC9A9";"285195"
"11758224_s_at";"coiled-coil domain containing 80";"CCDC80";"151887"
"11758228_s_at";"Alport syndrome, mental retardation, midface hypoplasia and elliptocytosis chromosomal region gene 1";"AMMECR1";"9949"
"11758370_s_at";"v-ets avian erythroblastosis virus E26 oncogene homolog 2";"ETS2";"2114"
"11758378_s_at";"RNA binding motif protein, X-linked-like 1";"RBMXL1";"494115"
"11758450_s_at";"lysine (K)-specific demethylase 4D";"KDM4D";"55693"
"11758460_s_at";"fatty acid amide hydrolase 2";"FAAH2";"158584"
"11758523_s_at";"structural maintenance of chromosomes 5";"SMC5";"23137"
"11758577_s_at";"ELOVL fatty acid elongase 7";"ELOVL7";"79993"
"11758610_s_at";"high density lipoprotein binding protein";"HDLBP";"3069"
"11758738_a_at";"sterol regulatory element binding transcription factor 1";"SREBF1";"6720"
"11758863_at";"ATPase, H+ transporting, lysosomal 42kDa, V1 subunit C1";"ATP6V1C1";"528"
"11758874_at";"chromosome 17 open reading frame 51";"C17orf51";"339263"
"11758918_s_at";"transcription factor CP2";"TFCP2";"7024"
"11759023_at";"protein phosphatase 2, regulatory subunit B', epsilon isoform";"PPP2R5E";"5529"
"11759134_a_at";"cholinergic receptor, nicotinic alpha 3";"CHRNA3";"1136"
"11759236_at";"zinc finger protein 284";"ZNF284";"342909"
"11759288_at";"thioredoxin-related transmembrane protein 4";"TMX4";"56255"
"11759304_at";"UDP glycosyltransferase 8";"UGT8";"7368"
"11759307_at";"ras responsive element binding protein 1";"RREB1";"6239"
"11759350_at";"methyltransferase like 20";"METTL20";"254013"
"11759409_at";"potassium channel, voltage gated modifier subfamily V, member 2";"KCNV2";"169522"
"11759497_at";"carbohydrate (chondroitin 4) sulfotransferase 11";"CHST11";"50515"
"11759542_s_at";"protein kinase C and casein kinase substrate in neurons 2";"PACSIN2";"11252"
"11759577_at";"MRS2 magnesium transporter";"MRS2";"57380"
"11759584_a_at";"cytochrome c oxidase subunit IV isoform 1";"COX4I1";"1327"
"11759614_a_at";"enoyl-CoA hydratase domain containing 2";"ECHDC2";"55268"
"11759642_x_at";"major histocompatibility complex, class II, DR beta 1";"HLA-DRB1";"3123"
"11759754_a_at";"long intergenic non-protein coding RNA 943";"LINC00943";"100507206"
"11759954_at";"protocadherin beta 17 pseudogene";"PCDHB17P";"54661"
"11760035_a_at";"glutamate receptor, ionotropic, N-methyl D-aspartate 2C";"GRIN2C";"2905"
"11760106_at";"ATP5S-like";"ATP5SL";"55101"
"11760242_a_at";"serine/arginine-rich splicing factor 5";"SRSF5";"6430"
"11760257_a_at";"ankyrin repeat and zinc finger domain containing 1";"ANKZF1";"55139"
"11760291_a_at";"N(alpha)-acetyltransferase 10, NatA catalytic subunit";"NAA10";"8260"
"11760496_a_at";"RWD domain containing 3";"RWDD3";"25950"
"11760660_at";"histone cluster 2, H2bc (pseudogene)";"HIST2H2BC";"337873"
"11760824_at";"MORN repeat containing 5";"MORN5";"254956"
"11760924_at";"RNA binding motif protein 8A";"RBM8A";"9939"
"11760962_at";"leupaxin";"LPXN";"9404"
"11761022_s_at";"uncharacterized LOC100507412";"LOC100507412";"100507412"
"11761173_at";"hypoxia inducible factor 3, alpha subunit";"HIF3A";"64344"
"11761199_x_at";"SUMO-interacting motifs containing 1";"SIMC1";"375484"
"11761238_at";"uncharacterized LOC100506417";"LOC100506417";"100506417"
"11761285_a_at";"asparaginase like 1";"ASRGL1";"80150"
"11761304_at";"cholecystokinin";"CCK";"885"
"11761440_a_at";"microtubule associated monooxygenase, calponin and LIM domain containing 2";"MICAL2";"9645"
"11761486_a_at";"proteasome 26S subunit, non-ATPase 8";"PSMD8";"5714"
"11761581_x_at";"M-phase phosphoprotein 6";"MPHOSPH6";"10200"
"11761699_at";"MAD2 mitotic arrest deficient-like 1 (yeast)";"MAD2L1";"4085"
"11761736_at";"histone deacetylase 8";"HDAC8";"55869"
"11761880_at";"aminoacylase 1";"ACY1";"95"
"11762007_x_at";"solute carrier family 4, sodium bicarbonate cotransporter, member 8";"SLC4A8";"9498"
"11762181_a_at";"general transcription factor IIH subunit 4";"GTF2H4";"2968"
"11762205_at";"zinc finger protein 718";"ZNF718";"255403"
"11762430_a_at";"Dab, reelin signal transducer, homolog 1 (Drosophila)";"DAB1";"1600"
"11762772_at";"KIF25 antisense RNA 1";"KIF25-AS1";"100505879"
"11762891_x_at";"B melanoma antigen";"BAGE";"574"
"11763033_at";"ribosomal protein S16";"RPS16";"6217"
"11763110_at";"dual endothelin-1(VEGFsp)/angiotensin II receptor pseudogene";"DEAR";"102191832"
"11763154_x_at";"thrombopoietin";"THPO";"7066"
"11763261_x_at";"protein kinase (cAMP-dependent, catalytic) inhibitor alpha";"PKIA";"5569"
"11763265_s_at";"phosphate cytidylyltransferase 1, choline, alpha";"PCYT1A";"5130"
"11763379_a_at";"Fanconi anemia core complex associated protein 20";"FAAP20";"199990"
"11763420_at";"long intergenic non-protein coding RNA 1102";"LINC01102";"150568"
"11763426_a_at";"TRAF3 interacting protein 3";"TRAF3IP3";"80342"
"11763474_a_at";"StAR-related lipid transfer domain containing 4";"STARD4";"134429"
"11763795_a_at";"protein interacting with PRKCA 1";"PICK1";"9463"
"11763858_a_at";"ubiquitously transcribed tetratricopeptide repeat containing, Y-linked";"UTY";"7404"
"11764045_at";"ankyrin repeat and BTB (POZ) domain containing 1";"ABTB1";"80325"
"11764048_a_at";"aminoadipate-semialdehyde dehydrogenase";"AASDH";"132949"
"11764055_at";"fragile X mental retardation 1";"FMR1";"2332"
"11764092_at";"aconitase 1, soluble";"ACO1";"48"
"11764141_x_at";"solute carrier family 25 (mitochondrial carrier; citrate transporter), member 1";"SLC25A1";"6576"
"11764151_s_at";"tetratricopeptide repeat domain 17";"TTC17";"55761"
